,UNIPROT_ISOFORM,Hugo_Symbol,Variant_Classification,Amino_acids,Protein_position,SIFT,Cancer_type
19,Q9Y243-1,AKT3,Missense_Mutation,G/R,37/479,deleterious(0.01),coad
24,P43403-1,ZAP70,Nonsense_Mutation,R/*,119/619,,coad
25,,MAP4K4,Missense_Mutation,S/L,259/1239,deleterious_low_confidence(0),coad
31,Q8WZ42-1,TTN,Missense_Mutation,R/Q,9638/34350,,coad
38,O75191-1,XYLB,Missense_Mutation,F/L,86/536,tolerated(0.2),coad
100,Q8IU85-1,CAMK1D,Missense_Mutation,R/W,109/385,deleterious(0.04),coad
174,,HCK,Missense_Mutation,E/K,16/526,tolerated_low_confidence(0.32),coad
193,,NOL9,Missense_Mutation,S/G,487/702,tolerated(0.13),coad
216,Q15303-1,ERBB4,Missense_Mutation,R/L,47/1308,tolerated(0.39),coad
250,P00533-1,EGFR,Missense_Mutation,D/H,303/1210,deleterious(0),coad
337,Q15303-1,ERBB4,Missense_Mutation,S/F,75/1308,deleterious(0.02),coad
346,O14976-1,GAK,Missense_Mutation,R/Q,676/1311,tolerated(0.25),coad
367,Q01813-1,PFKP,Missense_Mutation,D/Y,175/784,deleterious(0),coad
368,Q8NEV4-1,MYO3A,Missense_Mutation,T/M,324/1616,deleterious(0),coad
436,,PRKCE,Missense_Mutation,R/Q,268/737,deleterious(0.01),coad
444,,PIK3CA,Missense_Mutation,C/R,420/1068,tolerated(0.21),coad
526,Q8WZ42-1,TTN,Missense_Mutation,V/M,1032/34350,,coad
534,,PIK3CA,Missense_Mutation,Q/K,546/1068,deleterious(0.03),coad
554,,ITK,Missense_Mutation,P/S,161/620,deleterious(0.01),coad
564,,LRGUK,Missense_Mutation,F/L,638/825,tolerated(0.24),coad
572,Q9H2G2-1,SLK,Missense_Mutation,R/C,1143/1235,deleterious(0),coad
600,Q96Q15-1,SMG1,Missense_Mutation,T/N,1488/3661,deleterious(0.02),coad
625,Q86Z02-1,HIPK1,Missense_Mutation,P/L,11/1210,deleterious(0),coad
640,Q8WZ42-1,TTN,Missense_Mutation,L/I,6814/34350,,coad
641,Q15303-1,ERBB4,Missense_Mutation,T/S,643/1308,tolerated(0.52),coad
649,,GK2,Missense_Mutation,V/I,137/553,tolerated(0.09),coad
701,P31749-1,AKT1,Missense_Mutation,E/K,17/480,deleterious(0),coad
733,P35590-1,TIE1,Missense_Mutation,V/M,119/1138,tolerated(0.75),coad
820,Q15303-1,ERBB4,Missense_Mutation,G/E,319/1308,deleterious(0.03),coad
837,,ROS1,Missense_Mutation,F/L,1826/2347,deleterious(0),coad
862,P07949-1,RET,Nonsense_Mutation,R/*,770/1114,,coad
908,,MAP3K14,Missense_Mutation,R/Q,218/947,tolerated_low_confidence(0.47),coad
926,,WNK3,Missense_Mutation,Q/H,864/1800,tolerated(0.16),coad
939,Q8WZ42-1,TTN,Missense_Mutation,R/W,33495/34350,,coad
960,P09619-1,PDGFRB,Missense_Mutation,L/F,962/1106,deleterious(0),coad
968,,DGKI,Missense_Mutation,R/S,685/1065,deleterious(0),coad
1029,,PRKAA2,Missense_Mutation,G/C,533/552,deleterious(0.01),coad
1044,Q8WZ42-1,TTN,Nonsense_Mutation,E/*,11430/34350,,coad
1048,P37173-1,TGFBR2,Missense_Mutation,D/N,446/567,deleterious(0),coad
1058,,PIK3CA,Missense_Mutation,R/Q,88/1068,tolerated(0.06),coad
1059,,PIK3CA,Missense_Mutation,N/K,345/1068,deleterious(0.01),coad
1106,Q8NEV4-1,MYO3A,Frame_Shift_Del,P/X,1189/1616,,coad
1134,O15075-1,DCLK1,Missense_Mutation,G/R,65/740,deleterious(0),coad
1153,,MKNK2,Nonsense_Mutation,Q/*,135/465,,coad
1164,,PAK5,Missense_Mutation,Q/K,423/719,deleterious(0.02),coad
1173,P42356-1,PI4KA,Missense_Mutation,R/H,1183/2102,tolerated(0.14),coad
1229,P43405-1,SYK,Missense_Mutation,A/T,353/635,deleterious(0.02),coad
1246,,TBK1,Missense_Mutation,E/K,355/729,deleterious(0.01),coad
1314,Q8WZ42-1,TTN,Missense_Mutation,S/G,18718/34350,,coad
1325,,PIK3CA,Missense_Mutation,E/K,545/1068,deleterious(0.02),coad
1330,P54756-1,EPHA5,Missense_Mutation,S/A,969/1037,deleterious(0.01),coad
1332,,CDKL2,Missense_Mutation,K/N,74/493,deleterious(0),coad
1354,,STK10,Missense_Mutation,R/Q,805/968,tolerated(0.11),coad
1375,P78527-1,PRKDC,Nonsense_Mutation,R/*,4049/4128,,coad
1437,P30530-1,AXL,Missense_Mutation,A/T,425/894,tolerated(0.43),coad
1466,,MTOR,Missense_Mutation,E/K,866/2549,deleterious(0.02),coad
1468,P29323-1,EPHB2,Missense_Mutation,D/N,808/1055,deleterious(0),coad
1487,Q8WZ42-1,TTN,Missense_Mutation,E/K,9459/34350,,coad
1492,,PIK3CA,Missense_Mutation,E/A,545/1068,deleterious(0.02),coad
1513,P06241-1,FYN,Frame_Shift_Ins,K/KX,505/537,,coad
1593,Q9UQB9-1,AURKC,Missense_Mutation,R/H,142/309,deleterious(0.04),coad
1600,Q06187-1,BTK,Missense_Mutation,R/Q,288/659,deleterious(0),coad
